name,colour,band
Adore Interlined Roman,Emerald,D
Adore Interlined Roman,Graphite,D
Adore Interlined Roman,Rose Blush,D
Adore Interlined Roman,Stone,D
Adore Interlined Roman,Sulphur,D
Agra Interlined Roman,Fuchsia,C
Agra Interlined Roman,Pearl,C
Agra Interlined Roman,Steel,C
Alana Interlined Roman,Midnight,E
Alana Interlined Roman,Pastel,E
Alana Interlined Roman,Sombre,E
Amira Interlined Roman,Cranberry,A
Amira Interlined Roman,Mineral,A
Amira Interlined Roman,Rosa,A
Amira Interlined Roman,Silver,A
Amira Interlined Roman,Sunset,A
Amira Interlined Roman,Topaz,A
Amora Interlined Roman,Brass,B
Amora Interlined Roman,Charcoal,B
Amora Interlined Roman,Teal,B
Arles Interlined Roman,Ice,B
Arles Interlined Roman,Mineral,B
Arles Interlined Roman,Silver,B
Astrid Interlined Roman,Black,A
Astrid Interlined Roman,Clay,A
Astrid Interlined Roman,Cornflower,A
Astrid Interlined Roman,Fiesta,A
Astrid Interlined Roman,Forest,A
Astrid Interlined Roman,Greige,A
Astrid Interlined Roman,Hot Pink,A
Astrid Interlined Roman,Ice White.,A
Astrid Interlined Roman,Lake,A
Astrid Interlined Roman,Lavender,A
Astrid Interlined Roman,Meadow,A
Astrid Interlined Roman,Pastel Blue,A
Astrid Interlined Roman,Plum,A
Astrid Interlined Roman,Sunshine,A
Astrid Interlined Roman,Taupe,A
Bounce Interlined Roman,Pink,B
Bounce Interlined Roman,Putty,B
Bryony Interlined Roman,Golden,A
Bryony Interlined Roman,Gunmetal,A
Bryony Interlined Roman,Ocean,A
Bryony Interlined Roman,Silver,A
Calm Interlined Roman,Arctic,D
Calm Interlined Roman,Ash,D
Calm Interlined Roman,Whip,D
Capri Interlined Roman,Chilli,D
Capri Interlined Roman,Cream,D
Capri Interlined Roman,Greige,D
Capri Interlined Roman,Lavender Fog,D
Capri Interlined Roman,Sand,D
Capri Interlined Roman,Stone Blue,D
Capri Interlined Roman,Taffy,D
Cassia Interlined Roman,Coral,D
Cassia Interlined Roman,Oatmeal,D
Cassia Interlined Roman,Petrol Blue,D
Cassia Interlined Roman,Plum,D
Cassia Interlined Roman,Rust,D
Cassia Interlined Roman,Silver Birch,D
Cassia Interlined Roman,Smoke,D
Cassia Interlined Roman,Sulphur,D
Cassia Interlined Roman,Teal,D
Celebrate Interlined Roman,Multi,B
Celebrate Interlined Roman,Pastel,B
Cloud Interlined Roman,Charcoal,D
Cloud Interlined Roman,Mineral,D
Cloud Interlined Roman,Oat,D
Cloud Interlined Roman,Rose,D
Cloud Interlined Roman,Taupe,D
Cora Interlined Roman,Lilac,B
Cora Interlined Roman,Silver,B
Cora Interlined Roman,Taupe,B
Daisy Chain Interlined Roman,Linen,E
Daisy Chain Interlined Roman,Ocean,E
Daisy Chain Interlined Roman,Shadow,E
Dash Interlined Roman,Jade,C
Dash Interlined Roman,Rose,C
Dash Interlined Roman,Slate,C
Dash Interlined Roman,Twilight,C
Evelyn Interlined Roman,Grey,D
Evelyn Interlined Roman,Ivory,D
Evelyn Interlined Roman,Petal,D
Felicity Interlined Roman,Autumn,E
Felicity Interlined Roman,Greenery,E
Felicity Interlined Roman,Silver Birch,E
Felicity Interlined Roman,Wedgwood,E
Ford Interlined Roman,Blue,D
Ford Interlined Roman,Mink,D
Ford Interlined Roman,Olive,D
Glamour Interlined Roman,Aurum,E
Glamour Interlined Roman,Cointreau,E
Glamour Interlined Roman,Emerald,E
Glamour Interlined Roman,Midnight,E
Glamour Interlined Roman,Rose,E
Glamour Interlined Roman,Rouge,E
Glamour Interlined Roman,Signet,E
Glamour Interlined Roman,Taupe,E
Glamour Interlined Roman,Teal,E
Glee Interlined Roman,Azure,B
Glee Interlined Roman,Hemp,B
Glee Interlined Roman,Sienna,B
Hazel Interlined Roman,Brush,D
Hazel Interlined Roman,Ivory,D
Hazel Interlined Roman,Ochre,D
Hazel Interlined Roman,Silver,D
Ikat Interlined Roman,Mineral,C
Ikat Interlined Roman,Rosa,C
Jennifer Interlined Roman,Evening Haze,C
Jennifer Interlined Roman,Honey,C
Jennifer Interlined Roman,Natural,C
Jennifer Interlined Roman,Rust,C
Karma Interlined Roman,Aspen,B
Karma Interlined Roman,Charcoal,B
Karma Interlined Roman,Merlot,B
Karma Interlined Roman,Natural,B
Karma Interlined Roman,Rust,B
Karma Interlined Roman,Sahara,B
Laguna Interlined Roman,Ebony,C
Little Star Interlined Roman,Silver,A
Logan Interlined Roman,Breeze,A
Logan Interlined Roman,Cedar,A
Logan Interlined Roman,Ecru,A
Logan Interlined Roman,Fuchsia,A
Logan Interlined Roman,Mono,A
Logan Interlined Roman,Oat,A
Luna Interlined Roman,Amethyst,C
Luna Interlined Roman,Hot Pink,C
Luna Interlined Roman,Ocean,C
Mabel Interlined Roman,Autumn,C
Mabel Interlined Roman,Jewel,C
Mabel Interlined Roman,Lavender,C
Mabel Interlined Roman,Natural,C
Mabel Interlined Roman,Pink,C
Machu Interlined Roman,Slate,D
Malay Interlined Roman,Fiesta,C
Malay Interlined Roman,Grey,C
Malay Interlined Roman,Oat,C
Malay Interlined Roman,Ocean,C
Maverick Interlined Roman,Azure,B
Maverick Interlined Roman,Greige,B
Maverick Interlined Roman,Lilac,B
Maverick Interlined Roman,Tangerine,B
Maverick Interlined Roman,Turquoise,B
Maynard Interlined Roman,Ash,C
Maynard Interlined Roman,Blush,C
Maynard Interlined Roman,Coral,C
Maynard Interlined Roman,Linen,C
Maynard Interlined Roman,Snow,C
Maynard Interlined Roman,Spruce,C
Maynard Interlined Roman,Sunshine,C
Maynard Interlined Roman,Teal,C
Medina Interlined Roman,Iris,C
Medina Interlined Roman,Teal,C
Molly Interlined Roman,Coral,B
Mystique Interlined Roman,Pewter,C
Mystique Interlined Roman,Topaz,C
Nadia Interlined Roman,Navy,D
Nadia Interlined Roman,Silver,D
Nadia Interlined Roman,Vibrance,D
Newcombe Interlined Roman,Charcoal,C
Newcombe Interlined Roman,Ice White,C
Newcombe Interlined Roman,Pearl,C
Newcombe Interlined Roman,Steel,C
Noah Interlined Roman,Celadon,C
Noah Interlined Roman,Hemp,C
Noah Interlined Roman,Mineral,C
Noah Interlined Roman,Petal,C
Noah Interlined Roman,Taupe,C
Noah Interlined Roman,White,C
Ocean Interlined Roman,Autumn,B
Ocean Interlined Roman,Azure,B
Ocean Interlined Roman,Fiesta,B
Ocean Interlined Roman,Honey,B
Ocean Interlined Roman,Infinity,B
Ocean Interlined Roman,Natural,B
Ocean Interlined Roman,Pink,B
Ocean Interlined Roman,Sage,B
Oliver Interlined Roman,Dove Grey,D
Oliver Interlined Roman,Honey,D
Oliver Interlined Roman,Moss,D
Oliver Interlined Roman,Powder Blue,D
Oliver Interlined Roman,Rust,D
Orbit Interlined Roman,Chocolate,B
Orbit Interlined Roman,Chrome,B
Orbit Interlined Roman,Ivory,B
Orbit Interlined Roman,Jet,B
Orbit Interlined Roman,Midnight,B
Orbit Interlined Roman,Orchid,B
Orbit Interlined Roman,Purple,B
Orbit Interlined Roman,Taupe,B
Orbit Interlined Roman,Teal,B
Orlando Interlined Roman,Blush,C
Orlando Interlined Roman,Denim,C
Orlando Interlined Roman,Ember,C
Orlando Interlined Roman,Natural,C
Orlando Interlined Roman,Silver,C
Orlando Interlined Roman,Sky Blue,C
Orlando Interlined Roman,Teal,C
Orlando Interlined Roman,Thistle,C
Peggy Interlined Roman,Graphite,C
Peggy Interlined Roman,Iris,C
Peggy Interlined Roman,Olive,C
Phantom Interlined Roman,Aqua,D
Phantom Interlined Roman,Lotus,D
Phantom Interlined Roman,Moss,D
Phantom Interlined Roman,Navy,D
Phantom Interlined Roman,Tan,D
Picnic Interlined Roman,Iris,B
Picnic Interlined Roman,Linen,B
Picnic Interlined Roman,Meadow,B
Picnic Interlined Roman,Rouge,B
Picnic Interlined Roman,Sky Blue,B
Pinto Interlined Roman,Charcoal,B
Pinto Interlined Roman,Mustard,B
Pinto Interlined Roman,Navy,B
Pinto Interlined Roman,Olive,B
Pinto Interlined Roman,Rust,B
Pinto Mini Interlined Roman,Multi,B
Prism Interlined Roman,Chrome,C
Quinta Interlined Roman,Lagoon,D
Quinta Interlined Roman,Midnight,D
Quinta Interlined Roman,Natural,D
Rainbow Interlined Roman,Multi,B
Ramona Interlined Roman,Phantom,D
Ramona Interlined Roman,Rose Dust,D
Ramona Interlined Roman,Spice,D
Ramona Interlined Roman,Turquoise,D
Rapture Interlined Roman,Berry,C
Rapture Interlined Roman,Celedon,C
Rapture Interlined Roman,Mist,C
Ripple Interlined Roman,Shadow,D
Rosalee Interlined Roman,Apricot,B
Rosalee Interlined Roman,Merlot,B
Rosalee Interlined Roman,Monochrome,B
Rosalee Interlined Roman,Plum,B
Rosalee Interlined Roman,Seaglass,B
Rosalee Interlined Roman,Wedgwood,B
Roscoe Interlined Roman,Seaglass,B
Roxanne Interlined Roman,Chartreuse,D
Roxanne Interlined Roman,Grey,D
Roxanne Interlined Roman,Natural,D
Safari Friends Interlined Roman,Jungle,A
Sanibel Interlined Roman,Blush,C
Sanibel Interlined Roman,Breeze,C
Sanibel Interlined Roman,Fir,C
Sanibel Interlined Roman,Pumice,C
Sanibel Interlined Roman,Silver,C
Sanibel Interlined Roman,Slate,C
Sanibel Interlined Roman,Smoke,C
Skyler Interlined Roman,Breeze,C
Skyler Interlined Roman,Magenta,C
Skyler Interlined Roman,Plum,C
Skyler Interlined Roman,Shadow,C
Sleepy Sky Interlined Roman,Pastel,B
Speck Interlined Roman,Peacock,C
Speck Interlined Roman,Sienna,C
Speck Interlined Roman,White,C
Sprigs Interlined Roman,Lilac,B
Tampa Interlined Roman,Aqua,B
Tampa Interlined Roman,Golden,B
Tampa Interlined Roman,Jet,B
Tampa Interlined Roman,Natural,B
Tampa Interlined Roman,Purple,B
Toba Interlined Roman,Cloud,C
Toba Interlined Roman,Meadow,C
Toba Interlined Roman,Rose,C
Toba Interlined Roman,Rust,C
Torazza Interlined Roman,Dark Teal,C
Tree of Life Interlined Roman,Teal,C
Twisted Interlined Roman,Breeze,D
Twisted Interlined Roman,Taupe,D
Vegas Interlined Roman,Natural,C
Vegas Interlined Roman,Shadow,C
Verona Interlined Roman,Duck Egg,B
Verona Interlined Roman,Harvest,B
Verona Interlined Roman,Ivory,B
Verona Interlined Roman,Mink,B
Zest Interlined Roman,Brick,A
Zest Interlined Roman,Cornflower,A
Zest Interlined Roman,Elm,A
Zest Interlined Roman,Grape,A
Zest Interlined Roman,Hot Pink,A
Zest Interlined Roman,Marshmallow,A
Zest Interlined Roman,Mustard,A
Zest Interlined Roman,Silver,A
Adore Roman,Emerald,D
Adore Roman,Graphite,D
Adore Roman,Rose Blush,D
Adore Roman,Stone,D
Adore Roman,Sulphur,D
Agra Roman,Fuchsia,C
Agra Roman,Pearl,C
Agra Roman,Steel,C
Alana Roman,Midnight,E
Alana Roman,Pastel,E
Alana Roman,Sombre,E
Amira Roman,Cranberry,A
Amira Roman,Mineral,A
Amira Roman,Rosa,A
Amira Roman,Silver,A
Amira Roman,Sunset,A
Amira Roman,Topaz,A
Amora Roman,Brass,B
Amora Roman,Charcoal,B
Amora Roman,Teal,B
Arles Roman,Ice,B
Arles Roman,Mineral,B
Arles Roman,Silver,B
Astrid Roman,Black,A
Astrid Roman,Clay,A
Astrid Roman,Cornflower,A
Astrid Roman,Fiesta,A
Astrid Roman,Forest,A
Astrid Roman,Greige,A
Astrid Roman,Hot Pink,A
Astrid Roman,Ice White.,A
Astrid Roman,Lake,A
Astrid Roman,Lavender,A
Astrid Roman,Meadow,A
Astrid Roman,Pastel Blue,A
Astrid Roman,Plum,A
Astrid Roman,Sunshine,A
Astrid Roman,Taupe,A
Bounce Roman,Pink,B
Bounce Roman,Putty,B
Bryony Roman,Golden,A
Bryony Roman,Gunmetal,A
Bryony Roman,Ocean,A
Bryony Roman,Silver,A
Calm Roman,Arctic,D
Calm Roman,Ash,D
Calm Roman,Whip,D
Capri Roman,Chilli,D
Capri Roman,Cream,D
Capri Roman,Greige,D
Capri Roman,Lavender Fog,D
Capri Roman,Sand,D
Capri Roman,Stone Blue,D
Capri Roman,Taffy,D
Cassia Roman,Coral,D
Cassia Roman,Oatmeal,D
Cassia Roman,Petrol Blue,D
Cassia Roman,Plum,D
Cassia Roman,Rust,D
Cassia Roman,Silver Birch,D
Cassia Roman,Smoke,D
Cassia Roman,Sulphur,D
Cassia Roman,Teal,D
Celebrate Roman,Multi,B
Celebrate Roman,Pastel,B
Cloud Roman,Charcoal,D
Cloud Roman,Mineral,D
Cloud Roman,Oat,D
Cloud Roman,Rose,D
Cloud Roman,Taupe,D
Cora Roman,Lilac,B
Cora Roman,Silver,B
Cora Roman,Taupe,B
Daisy Chain Roman,Linen,E
Daisy Chain Roman,Ocean,E
Daisy Chain Roman,Shadow,E
Dash Roman,Jade,C
Dash Roman,Rose,C
Dash Roman,Slate,C
Dash Roman,Twilight,C
Desire Roman,Midnight,
Evelyn Roman,Grey,D
Evelyn Roman,Ivory,D
Evelyn Roman,Petal,D
Felicity Roman,Autumn,E
Felicity Roman,Greenery,E
Felicity Roman,Silver Birch,E
Felicity Roman,Wedgwood,E
Ford Roman,Blue,D
Ford Roman,Mink,D
Ford Roman,Olive,D
Glamour Roman,Aurum,E
Glamour Roman,Cointreau,E
Glamour Roman,Emerald,E
Glamour Roman,Midnight,E
Glamour Roman,Rose,E
Glamour Roman,Rouge,E
Glamour Roman,Signet,E
Glamour Roman,Taupe,E
Glamour Roman,Teal,E
Glee Roman,Azure,B
Glee Roman,Hemp,B
Glee Roman,Sienna,B
Hazel Roman,Brush,D
Hazel Roman,Ivory,D
Hazel Roman,Ochre,D
Hazel Roman,Silver,D
Ikat Roman,Mineral,C
Ikat Roman,Rosa,C
Jennifer Roman,Evening Haze,C
Jennifer Roman,Honey,C
Jennifer Roman,Natural,C
Jennifer Roman,Rust,C
Karma Roman,Aspen,B
Karma Roman,Charcoal,B
Karma Roman,Merlot,B
Karma Roman,Natural,B
Karma Roman,Rust,B
Karma Roman,Sahara,B
Laguna Roman,Ebony,C
Little Star Roman,Silver,A
Logan Roman,Breeze,A
Logan Roman,Cedar,A
Logan Roman,Ecru,A
Logan Roman,Fuchsia,A
Logan Roman,Mono,A
Logan Roman,Oat,A
Luna Roman,Amethyst,C
Luna Roman,Hot Pink,C
Luna Roman,Ocean,C
Mabel Roman,Autumn,C
Mabel Roman,Jewel,C
Mabel Roman,Lavender,C
Mabel Roman,Natural,C
Mabel Roman,Pink,C
Machu Roman,Slate,D
Malay Roman,Fiesta,C
Malay Roman,Grey,C
Malay Roman,Oat,C
Malay Roman,Ocean,C
Maverick Roman,Azure,B
Maverick Roman,Greige,B
Maverick Roman,Lilac,B
Maverick Roman,Tangerine,B
Maverick Roman,Turquoise,B
Maynard Roman,Ash,C
Maynard Roman,Blush,C
Maynard Roman,Coral,C
Maynard Roman,Linen,C
Maynard Roman,Snow,C
Maynard Roman,Spruce,C
Maynard Roman,Sunshine,C
Maynard Roman,Teal,C
Medina Roman,Iris,C
Medina Roman,Teal,C
Molly Roman,Coral,B
Mystique Roman,Pewter,C
Mystique Roman,Topaz,C
Nadia Roman,Navy,D
Nadia Roman,Silver,D
Nadia Roman,Vibrance,D
Newcombe Roman,Charcoal,C
Newcombe Roman,Ice White,C
Newcombe Roman,Pearl,C
Newcombe Roman,Steel,C
Noah Roman,Celadon,C
Noah Roman,Hemp,C
Noah Roman,Mineral,C
Noah Roman,Petal,C
Noah Roman,Taupe,C
Noah Roman,White,C
Ocean Roman,Autumn,B
Ocean Roman,Azure,B
Ocean Roman,Fiesta,B
Ocean Roman,Honey,B
Ocean Roman,Infinity,B
Ocean Roman,Natural,B
Ocean Roman,Pink,B
Ocean Roman,Sage,B
Oliver Roman,Dove Grey,D
Oliver Roman,Honey,D
Oliver Roman,Moss,D
Oliver Roman,Powder Blue,D
Oliver Roman,Rust,D
Orbit Roman,Chocolate,B
Orbit Roman,Chrome,B
Orbit Roman,Ivory,B
Orbit Roman,Jet,B
Orbit Roman,Midnight,B
Orbit Roman,Orchid,B
Orbit Roman,Purple,B
Orbit Roman,Taupe,B
Orbit Roman,Teal,B
Orlando Roman,Blush,C
Orlando Roman,Denim,C
Orlando Roman,Ember,C
Orlando Roman,Natural,C
Orlando Roman,Silver,C
Orlando Roman,Sky Blue,C
Orlando Roman,Teal,C
Orlando Roman,Thistle,C
Peggy Roman,Graphite,C
Peggy Roman,Iris,C
Peggy Roman,Olive,C
Phantom Roman,Aqua,D
Phantom Roman,Lotus,D
Phantom Roman,Moss,D
Phantom Roman,Navy,D
Phantom Roman,Tan,D
Picnic Roman,Iris,B
Picnic Roman,Linen,B
Picnic Roman,Meadow,B
Picnic Roman,Rouge,B
Picnic Roman,Sky Blue,B
Pinto Mini Roman,Multi,B
Pinto Roman,Charcoal,B
Pinto Roman,Mustard,B
Pinto Roman,Navy,B
Pinto Roman,Olive,B
Pinto Roman,Rust,B
Prism Roman,Chrome,C
Quinta Roman,Lagoon,D
Quinta Roman,Midnight,D
Quinta Roman,Natural,D
Rainbow Roman,Multi,B
Ramona Roman,Phantom,D
Ramona Roman,Rose Dust,D
Ramona Roman,Spice,D
Ramona Roman,Turquoise,D
Rapture Roman,Berry,C
Rapture Roman,Celedon,C
Rapture Roman,Mist,C
Ripple Roman,Shadow,D
Rosalee Roman,Apricot,B
Rosalee Roman,Merlot,B
Rosalee Roman,Monochrome,B
Rosalee Roman,Plum,B
Rosalee Roman,Seaglass,B
Rosalee Roman,Wedgwood,B
Roscoe Roman,Seaglass,B
Roxanne Roman,Chartreuse,D
Roxanne Roman,Grey,D
Roxanne Roman,Natural,D
Safari Friends Roman,Jungle,A
Sanibel Roman,Blush,C
Sanibel Roman,Breeze,C
Sanibel Roman,Fir,C
Sanibel Roman,Pumice,C
Sanibel Roman,Silver,C
Sanibel Roman,Slate,C
Sanibel Roman,Smoke,C
Silva Roman,Treasure,
Skyler Roman,Breeze,C
Skyler Roman,Magenta,C
Skyler Roman,Plum,C
Skyler Roman,Shadow,C
Sleepy Sky Roman,Pastel,B
Speck Roman,Peacock,C
Speck Roman,Sienna,C
Speck Roman,White,C
Sprigs Roman,Lilac,B
Tampa Roman,Aqua,B
Tampa Roman,Golden,B
Tampa Roman,Jet,B
Tampa Roman,Natural,B
Tampa Roman,Purple,B
Toba Roman,Cloud,C
Toba Roman,Meadow,C
Toba Roman,Rose,C
Toba Roman,Rust,C
Torazza Roman,Dark Teal,C
Tree of Life Roman,Teal,C
Twisted Roman,Breeze,D
Twisted Roman,Taupe,D
Vegas Roman,Natural,C
Vegas Roman,Shadow,C
Verona Roman,Duck Egg,B
Verona Roman,Harvest,B
Verona Roman,Ivory,B
Verona Roman,Mink,B
Zest Roman,Brick,A
Zest Roman,Cornflower,A
Zest Roman,Elm,A
Zest Roman,Grape,A
Zest Roman,Hot Pink,A
Zest Roman,Marshmallow,A
Zest Roman,Mustard,A
Zest Roman,Silver,A
Adore Blackout Roman,Emerald,D
Adore Blackout Roman,Graphite,D
Adore Blackout Roman,Rose Blush,D
Adore Blackout Roman,Stone,D
Adore Blackout Roman,Sulphur,D
Agra Blackout Roman,Fuchsia,C
Agra Blackout Roman,Pearl,C
Agra Blackout Roman,Steel,C
Alana Blackout Roman,Midnight,E
Alana Blackout Roman,Pastel,E
Alana Blackout Roman,Sombre,E
Amira Blackout Roman,Cranberry,A
Amira Blackout Roman,Mineral,A
Amira Blackout Roman,Rosa,A
Amira Blackout Roman,Silver,A
Amira Blackout Roman,Sunset,A
Amira Blackout Roman,Topaz,A
Amora Blackout Roman,Brass,B
Amora Blackout Roman,Charcoal,B
Amora Blackout Roman,Teal,B
Arles Blackout Roman,Ice,B
Arles Blackout Roman,Mineral,B
Arles Blackout Roman,Silver,B
Astrid Blackout Roman,Black,A
Astrid Blackout Roman,Clay,A
Astrid Blackout Roman,Cornflower,A
Astrid Blackout Roman,Fiesta,A
Astrid Blackout Roman,Forest,A
Astrid Blackout Roman,Greige,A
Astrid Blackout Roman,Hot Pink,A
Astrid Blackout Roman,Ice White.,A
Astrid Blackout Roman,Lake,A
Astrid Blackout Roman,Lavender,A
Astrid Blackout Roman,Meadow,A
Astrid Blackout Roman,Pastel Blue,A
Astrid Blackout Roman,Plum,A
Astrid Blackout Roman,Sunshine,A
Astrid Blackout Roman,Taupe,A
Bounce Blackout Roman,Pink,B
Bounce Blackout Roman,Putty,B
Bryony Blackout Roman,Golden,A
Bryony Blackout Roman,Gunmetal,A
Bryony Blackout Roman,Ocean,A
Bryony Blackout Roman,Silver,A
Calm Blackout Roman,Arctic,D
Calm Blackout Roman,Ash,D
Calm Blackout Roman,Whip,D
Capri Blackout Roman,Chilli,D
Capri Blackout Roman,Cream,D
Capri Blackout Roman,Greige,D
Capri Blackout Roman,Lavender Fog,D
Capri Blackout Roman,Sand,D
Capri Blackout Roman,Stone Blue,D
Capri Blackout Roman,Taffy,D
Cassia Blackout Roman,Coral,D
Cassia Blackout Roman,Oatmeal,D
Cassia Blackout Roman,Petrol Blue,D
Cassia Blackout Roman,Plum,D
Cassia Blackout Roman,Rust,D
Cassia Blackout Roman,Silver Birch,D
Cassia Blackout Roman,Smoke,D
Cassia Blackout Roman,Sulphur,D
Cassia Blackout Roman,Teal,D
Celebrate Blackout Roman,Multi,B
Celebrate Blackout Roman,Pastel,B
Chevro Blackout Roman,Ivory,
Cloud Blackout Roman,Charcoal,D
Cloud Blackout Roman,Mineral,D
Cloud Blackout Roman,Oat,D
Cloud Blackout Roman,Rose,D
Cloud Blackout Roman,Taupe,D
Cora Blackout Roman,Lilac,B
Cora Blackout Roman,Silver,B
Cora Blackout Roman,Taupe,B
Daisy Chain Blackout Roman,Linen,E
Daisy Chain Blackout Roman,Ocean,E
Daisy Chain Blackout Roman,Shadow,E
Dash Blackout Roman,Jade,C
Dash Blackout Roman,Rose,C
Dash Blackout Roman,Slate,C
Dash Blackout Roman,Twilight,C
Desire Blackout Roman,Midnight,
Evelyn Blackout Roman,Grey,D
Evelyn Blackout Roman,Ivory,D
Evelyn Blackout Roman,Petal,D
Felicity Blackout Roman,Autumn,E
Felicity Blackout Roman,Greenery,E
Felicity Blackout Roman,Silver Birch,E
Felicity Blackout Roman,Wedgwood,E
Ford Blackout Roman,Blue,D
Ford Blackout Roman,Mink,D
Ford Blackout Roman,Olive,D
Glamour Blackout Roman,Aurum,E
Glamour Blackout Roman,Cointreau,E
Glamour Blackout Roman,Emerald,E
Glamour Blackout Roman,Midnight,E
Glamour Blackout Roman,Rose,E
Glamour Blackout Roman,Rouge,E
Glamour Blackout Roman,Signet,E
Glamour Blackout Roman,Taupe,E
Glamour Blackout Roman,Teal,E
Glee Blackout Roman,Azure,B
Glee Blackout Roman,Hemp,B
Glee Blackout Roman,Sienna,B
Hazel Blackout Roman,Brush,D
Hazel Blackout Roman,Ivory,D
Hazel Blackout Roman,Ochre,D
Hazel Blackout Roman,Silver,D
Ikat Blackout Roman,Mineral,C
Ikat Blackout Roman,Rosa,C
Jennifer Blackout Roman,Evening Haze,C
Jennifer Blackout Roman,Honey,C
Jennifer Blackout Roman,Natural,C
Jennifer Blackout Roman,Rust,C
Karma Blackout Roman,Aspen,B
Karma Blackout Roman,Charcoal,B
Karma Blackout Roman,Merlot,B
Karma Blackout Roman,Natural,B
Karma Blackout Roman,Rust,B
Karma Blackout Roman,Sahara,B
Laguna Blackout Roman,Ebony,C
Little Star Blackout Roman,Silver,A
Logan Blackout Roman,Breeze,A
Logan Blackout Roman,Cedar,A
Logan Blackout Roman,Ecru,A
Logan Blackout Roman,Fuchsia,A
Logan Blackout Roman,Mono,A
Logan Blackout Roman,Oat,A
Luna Blackout Roman,Amethyst,C
Luna Blackout Roman,Hot Pink,C
Luna Blackout Roman,Ocean,C
Mabel Blackout Roman,Autumn,C
Mabel Blackout Roman,Jewel,C
Mabel Blackout Roman,Lavender,C
Mabel Blackout Roman,Natural,C
Mabel Blackout Roman,Pink,C
Machu Blackout Roman,Slate,D
Malay Blackout Roman,Fiesta,C
Malay Blackout Roman,Grey,C
Malay Blackout Roman,Oat,C
Malay Blackout Roman,Ocean,C
Maverick Blackout Roman,Azure,B
Maverick Blackout Roman,Greige,B
Maverick Blackout Roman,Lilac,B
Maverick Blackout Roman,Tangerine,B
Maverick Blackout Roman,Turquoise,B
Maynard Blackout Roman,Ash,C
Maynard Blackout Roman,Blush,C
Maynard Blackout Roman,Coral,C
Maynard Blackout Roman,Linen,C
Maynard Blackout Roman,Snow,C
Maynard Blackout Roman,Spruce,C
Maynard Blackout Roman,Sunshine,C
Maynard Blackout Roman,Teal,C
Medina Blackout Roman,Iris,C
Medina Blackout Roman,Teal,C
Molly Blackout Roman,Coral,B
Mystique Blackout Roman,Pewter,C
Mystique Blackout Roman,Topaz,C
Nadia Blackout Roman,Navy,D
Nadia Blackout Roman,Silver,D
Nadia Blackout Roman,Vibrance,D
Newcombe Blackout Roman,Charcoal,C
Newcombe Blackout Roman,Ice White,C
Newcombe Blackout Roman,Pearl,C
Newcombe Blackout Roman,Steel,C
Noah Blackout Roman,Celadon,C
Noah Blackout Roman,Hemp,C
Noah Blackout Roman,Mineral,C
Noah Blackout Roman,Petal,C
Noah Blackout Roman,Taupe,C
Noah Blackout Roman,White,C
Ocean Blackout Roman,Autumn,B
Ocean Blackout Roman,Azure,B
Ocean Blackout Roman,Fiesta,B
Ocean Blackout Roman,Honey,B
Ocean Blackout Roman,Infinity,B
Ocean Blackout Roman,Natural,B
Ocean Blackout Roman,Pink,B
Ocean Blackout Roman,Sage,B
Oliver Blackout Roman,Dove Grey,D
Oliver Blackout Roman,Honey,D
Oliver Blackout Roman,Moss,D
Oliver Blackout Roman,Powder Blue,D
Oliver Blackout Roman,Rust,D
Orbit Blackout Roman,Chocolate,B
Orbit Blackout Roman,Chrome,B
Orbit Blackout Roman,Ivory,B
Orbit Blackout Roman,Jet,B
Orbit Blackout Roman,Midnight,B
Orbit Blackout Roman,Orchid,B
Orbit Blackout Roman,Purple,B
Orbit Blackout Roman,Taupe,B
Orbit Blackout Roman,Teal,B
Orlando Blackout Roman,Blush,C
Orlando Blackout Roman,Denim,C
Orlando Blackout Roman,Ember,C
Orlando Blackout Roman,Natural,C
Orlando Blackout Roman,Silver,C
Orlando Blackout Roman,Sky Blue,C
Orlando Blackout Roman,Teal,C
Orlando Blackout Roman,Thistle,C
Peggy Blackout Roman,Graphite,C
Peggy Blackout Roman,Iris,C
Peggy Blackout Roman,Olive,C
Phantom Blackout Roman,Aqua,D
Phantom Blackout Roman,Lotus,D
Phantom Blackout Roman,Moss,D
Phantom Blackout Roman,Navy,D
Phantom Blackout Roman,Tan,D
Picnic Blackout Roman,Iris,B
Picnic Blackout Roman,Linen,B
Picnic Blackout Roman,Meadow,B
Picnic Blackout Roman,Rouge,B
Picnic Blackout Roman,Sky Blue,B
Pinto Blackout Roman,Charcoal,B
Pinto Blackout Roman,Mustard,B
Pinto Blackout Roman,Navy,B
Pinto Blackout Roman,Olive,B
Pinto Blackout Roman,Rust,B
Pinto Mini Blackout Roman,Multi,B
Prism Blackout Roman,Chrome,C
Quinta Blackout Roman,Lagoon,D
Quinta Blackout Roman,Midnight,D
Quinta Blackout Roman,Natural,D
Rainbow Blackout Roman,Multi,B
Ramona Blackout Roman,Phantom,D
Ramona Blackout Roman,Rose Dust,D
Ramona Blackout Roman,Spice,D
Ramona Blackout Roman,Turquoise,D
Rapture Blackout Roman,Berry,C
Rapture Blackout Roman,Celedon,C
Rapture Blackout Roman,Mist,C
Ripple Blackout Roman,Shadow,D
Rosalee Blackout Roman,Apricot,B
Rosalee Blackout Roman,Merlot,B
Rosalee Blackout Roman,Monochrome,B
Rosalee Blackout Roman,Plum,B
Rosalee Blackout Roman,Seaglass,B
Rosalee Blackout Roman,Wedgwood,B
Roscoe Blackout Roman,Seaglass,B
Roxanne Blackout Roman,Chartreuse,D
Roxanne Blackout Roman,Grey,D
Roxanne Blackout Roman,Natural,D
Safari Friends Blackout Roman,Jungle,A
Sanibel Blackout Roman,Blush,C
Sanibel Blackout Roman,Breeze,C
Sanibel Blackout Roman,Fir,C
Sanibel Blackout Roman,Pumice,C
Sanibel Blackout Roman,Silver,C
Sanibel Blackout Roman,Slate,C
Sanibel Blackout Roman,Smoke,C
Skyler Blackout Roman,Breeze,C
Skyler Blackout Roman,Magenta,C
Skyler Blackout Roman,Plum,C
Skyler Blackout Roman,Shadow,C
Sleepy Sky Blackout Roman,Pastel,B
Speck Blackout Roman,Peacock,C
Speck Blackout Roman,Sienna,C
Speck Blackout Roman,White,C
Sprigs Blackout Roman,Lilac,B
Tampa Blackout Roman,Aqua,B
Tampa Blackout Roman,Golden,B
Tampa Blackout Roman,Jet,B
Tampa Blackout Roman,Natural,B
Tampa Blackout Roman,Purple,B
Toba Blackout Roman,Cloud,C
Toba Blackout Roman,Meadow,C
Toba Blackout Roman,Rose,C
Toba Blackout Roman,Rust,C
Torazza Blackout Roman,Dark Teal,C
Tree of Life Blackout Roman,Teal,C
Twisted Blackout Roman,Breeze,D
Twisted Blackout Roman,Taupe,D
Vegas Blackout Roman,Natural,C
Vegas Blackout Roman,Shadow,C
Verona Blackout Roman,Duck Egg,B
Verona Blackout Roman,Harvest,B
Verona Blackout Roman,Ivory,B
Verona Blackout Roman,Mink,B
Zest Blackout Roman,Brick,A
Zest Blackout Roman,Cornflower,A
Zest Blackout Roman,Elm,A
Zest Blackout Roman,Grape,A
Zest Blackout Roman,Hot Pink,A
Zest Blackout Roman,Marshmallow,A
Zest Blackout Roman,Mustard,A
Zest Blackout Roman,Silver,A
